Start date,End date,Title,Desc,projectNum,wrkcentre,requestenrycomment
9/16/2019,9/17/2019,save automationTitle1,save Automation description1,2170,newyork,verified the inputs
9/16/2019,9/17/2019,save automationTitle1,save Automation description1,2171,newyork,verified the inputs
9/16/2019,9/17/2019,save automationTitle1,save Automation description1,2172,newyork,verified the inputs
9/16/2019,9/17/2019,save automationTitle1,save Automation description1,2173,newyork,verified the inputs
9/16/2019,9/17/2019,save automationTitle1,save Automation description1,2174,newyork,verified the inputs
9/16/2019,9/17/2019,save automationTitle1,save Automation description1,2175,newyork,verified the inputs
9/16/2019,9/17/2019,save automationTitle1,save Automation description1,2176,newyork,verified the inputs
9/16/2019,9/17/2019,save automationTitle1,save Automation description1,2177,newyork,verified the inputs
9/16/2019,9/17/2019,save automationTitle1,save Automation description1,2178,newyork,verified the inputs
9/16/2019,9/17/2019,save automationTitle1,save Automation description1,2179,newyork,verified the inputs
9/16/2019,9/17/2019,save automationTitle1,save Automation description1,2180,newyork,verified the inputs
9/16/2019,9/17/2019,save automationTitle1,save Automation description1,2181,newyork,verified the inputs
9/16/2019,9/17/2019,save automationTitle1,save Automation description1,2182,newyork,verified the inputs
9/16/2019,9/17/2019,save automationTitle1,save Automation description1,2183,newyork,verified the inputs
9/16/2019,9/17/2019,save automationTitle1,save Automation description1,2184,newyork,verified the inputs
9/16/2019,9/17/2019,save automationTitle1,save Automation description1,2185,newyork,verified the inputs
9/16/2019,9/17/2019,save automationTitle1,save Automation description1,2186,newyork,verified the inputs
9/16/2019,9/17/2019,save automationTitle1,save Automation description1,2187,newyork,verified the inputs
9/16/2019,9/17/2019,save automationTitle1,save Automation description1,2188,newyork,verified the inputs
9/16/2019,9/17/2019,save automationTitle1,save Automation description1,2189,newyork,verified the inputs
9/16/2019,9/17/2019,save automationTitle1,save Automation description1,2190,newyork,verified the inputs
9/16/2019,9/17/2019,save automationTitle1,save Automation description1,2191,newyork,verified the inputs
9/16/2019,9/17/2019,save automationTitle1,save Automation description1,2192,newyork,verified the inputs
9/16/2019,9/17/2019,save automationTitle1,save Automation description1,2193,newyork,verified the inputs
9/16/2019,9/17/2019,save automationTitle1,save Automation description1,2194,newyork,verified the inputs
9/16/2019,9/17/2019,save automationTitle1,save Automation description1,2195,newyork,verified the inputs
9/16/2019,9/17/2019,save automationTitle1,save Automation description1,2196,newyork,verified the inputs
9/16/2019,9/17/2019,save automationTitle1,save Automation description1,2197,newyork,verified the inputs
9/16/2019,9/17/2019,save automationTitle1,save Automation description1,2198,newyork,verified the inputs
9/16/2019,9/17/2019,save automationTitle1,save Automation description1,2199,newyork,verified the inputs
9/16/2019,9/17/2019,save automationTitle1,save Automation description1,2810,newyork,verified the inputs
9/16/2019,9/17/2019,save automationTitle1,save Automation description1,2811,newyork,verified the inputs
9/16/2019,9/17/2019,save automationTitle1,save Automation description1,2812,newyork,verified the inputs
9/16/2019,9/17/2019,save automationTitle1,save Automation description1,2813,newyork,verified the inputs
9/16/2019,9/17/2019,save automationTitle1,save Automation description1,2874,newyork,verified the inputs
9/16/2019,9/17/2019,save automationTitle1,save Automation description1,2815,newyork,verified the inputs
9/16/2019,9/17/2019,save automationTitle1,save Automation description1,2816,newyork,verified the inputs
9/16/2019,9/17/2019,save automationTitle1,save Automation description1,2817,newyork,verified the inputs
9/16/2019,9/17/2019,save automationTitle1,save Automation description1,2818,newyork,verified the inputs
9/16/2019,9/17/2019,save automationTitle1,save Automation description1,2819,newyork,verified the inputs
9/16/2019,9/17/2019,save automationTitle1,save Automation description1,2820,newyork,verified the inputs
9/16/2019,9/17/2019,save automationTitle1,save Automation description1,2821,newyork,verified the inputs
9/16/2019,9/17/2019,save automationTitle1,save Automation description1,2822,newyork,verified the inputs
9/16/2019,9/17/2019,save automationTitle1,save Automation description1,2823,newyork,verified the inputs
9/16/2019,9/17/2019,save automationTitle1,save Automation description1,2824,newyork,verified the inputs
9/16/2019,9/17/2019,save automationTitle1,save Automation description1,2825,newyork,verified the inputs
9/16/2019,9/17/2019,save automationTitle1,save Automation description1,2826,newyork,verified the inputs
9/16/2019,9/17/2019,save automationTitle1,save Automation description1,2827,newyork,verified the inputs
9/16/2019,9/17/2019,save automationTitle1,save Automation description1,2828,newyork,verified the inputs
9/16/2019,9/17/2019,save automationTitle1,save Automation description1,2829,newyork,verified the inputs
9/16/2019,9/17/2019,save automationTitle1,save Automation description1,2830,newyork,verified the inputs
9/16/2019,9/17/2019,save automationTitle1,save Automation description1,2831,newyork,verified the inputs
9/16/2019,9/17/2019,save automationTitle1,save Automation description1,2832,newyork,verified the inputs
9/16/2019,9/17/2019,save automationTitle1,save Automation description1,2833,newyork,verified the inputs
9/16/2019,9/17/2019,save automationTitle1,save Automation description1,2834,newyork,verified the inputs
9/16/2019,9/17/2019,save automationTitle1,save Automation description1,2835,newyork,verified the inputs
9/16/2019,9/17/2019,save automationTitle1,save Automation description1,2170,newyork,verified the inputs
9/16/2019,9/17/2019,save automationTitle1,save Automation description1,2170,newyork,verified the inputs
9/16/2019,9/17/2019,save automationTitle1,save Automation description1,2170,newyork,verified the inputs
9/16/2019,9/17/2019,save automationTitle1,save Automation description1,2170,newyork,verified the inputs
9/16/2019,9/17/2019,save automationTitle1,save Automation description1,2170,newyork,verified the inputs
9/16/2019,9/17/2019,save automationTitle1,save Automation description1,2170,newyork,verified the inputs
9/16/2019,9/17/2019,save automationTitle1,save Automation description1,2170,newyork,verified the inputs
9/16/2019,9/17/2019,save automationTitle1,save Automation description1,2170,newyork,verified the inputs
9/16/2019,9/17/2019,save automationTitle1,save Automation description1,2170,newyork,verified the inputs
9/16/2019,9/17/2019,save automationTitle1,save Automation description1,2170,newyork,verified the inputs
9/16/2019,9/17/2019,save automationTitle1,save Automation description1,2170,newyork,verified the inputs
9/16/2019,9/17/2019,save automationTitle1,save Automation description1,2170,newyork,verified the inputs
9/16/2019,9/17/2019,save automationTitle1,save Automation description1,2170,newyork,verified the inputs
9/16/2019,9/17/2019,save automationTitle1,save Automation description1,2170,newyork,verified the inputs
9/16/2019,9/17/2019,save automationTitle1,save Automation description1,2170,newyork,verified the inputs
9/16/2019,9/17/2019,save automationTitle1,save Automation description1,2170,newyork,verified the inputs
9/16/2019,9/17/2019,save automationTitle1,save Automation description1,2170,newyork,verified the inputs
9/16/2019,9/17/2019,save automationTitle1,save Automation description1,2170,newyork,verified the inputs
9/16/2019,9/17/2019,save automationTitle1,save Automation description1,2170,newyork,verified the inputs
9/16/2019,9/17/2019,save automationTitle1,save Automation description1,2170,newyork,verified the inputs
9/16/2019,9/17/2019,save automationTitle1,save Automation description1,2170,newyork,verified the inputs
9/16/2019,9/17/2019,save automationTitle1,save Automation description1,2170,newyork,verified the inputs
9/16/2019,9/17/2019,save automationTitle1,save Automation description1,2170,newyork,verified the inputs
9/16/2019,9/17/2019,save automationTitle1,save Automation description1,2170,newyork,verified the inputs
9/16/2019,9/17/2019,save automationTitle1,save Automation description1,2170,newyork,verified the inputs
9/16/2019,9/17/2019,save automationTitle1,save Automation description1,2170,newyork,verified the inputs
9/16/2019,9/17/2019,save automationTitle1,save Automation description1,2170,newyork,verified the inputs
9/16/2019,9/17/2019,save automationTitle1,save Automation description1,2170,newyork,verified the inputs
9/16/2019,9/17/2019,save automationTitle1,save Automation description1,2170,newyork,verified the inputs
9/16/2019,9/17/2019,save automationTitle1,save Automation description1,2170,newyork,verified the inputs
9/16/2019,9/17/2019,save automationTitle1,save Automation description1,2170,newyork,verified the inputs
9/16/2019,9/17/2019,save automationTitle1,save Automation description1,2170,newyork,verified the inputs
9/16/2019,9/17/2019,save automationTitle1,save Automation description1,2170,newyork,verified the inputs
9/16/2019,9/17/2019,save automationTitle1,save Automation description1,2170,newyork,verified the inputs
9/16/2019,9/17/2019,save automationTitle1,save Automation description1,2170,newyork,verified the inputs
9/16/2019,9/17/2019,save automationTitle1,save Automation description1,2170,newyork,verified the inputs
9/16/2019,9/17/2019,save automationTitle1,save Automation description1,2170,newyork,verified the inputs
9/16/2019,9/17/2019,save automationTitle1,save Automation description1,2170,newyork,verified the inputs
9/16/2019,9/17/2019,save automationTitle1,save Automation description1,2170,newyork,verified the inputs
9/16/2019,9/17/2019,save automationTitle1,save Automation description1,2170,newyork,verified the inputs
9/16/2019,9/17/2019,save automationTitle1,save Automation description1,2170,newyork,verified the inputs
9/16/2019,9/17/2019,save automationTitle1,save Automation description1,2170,newyork,verified the inputs
9/16/2019,9/17/2019,save automationTitle1,save Automation description1,2170,newyork,verified the inputs
9/16/2019,9/17/2019,save automationTitle1,save Automation description1,2170,newyork,verified the inputs
9/16/2019,9/17/2019,save automationTitle1,save Automation description1,2170,newyork,verified the inputs
9/16/2019,9/17/2019,save automationTitle1,save Automation description1,2170,newyork,verified the inputs
9/16/2019,9/17/2019,save automationTitle1,save Automation description1,2170,newyork,verified the inputs
9/16/2019,9/17/2019,save automationTitle1,save Automation description1,2170,newyork,verified the inputs
9/16/2019,9/17/2019,save automationTitle1,save Automation description1,2170,newyork,verified the inputs
9/16/2019,9/17/2019,save automationTitle1,save Automation description1,2170,newyork,verified the inputs
9/16/2019,9/17/2019,save automationTitle1,save Automation description1,2170,newyork,verified the inputs
9/16/2019,9/17/2019,save automationTitle1,save Automation description1,2170,newyork,verified the inputs
9/16/2019,9/17/2019,save automationTitle1,save Automation description1,2170,newyork,verified the inputs
9/16/2019,9/17/2019,save automationTitle1,save Automation description1,2170,newyork,verified the inputs
9/16/2019,9/17/2019,save automationTitle1,save Automation description1,2170,newyork,verified the inputs
9/16/2019,9/17/2019,save automationTitle1,save Automation description1,2170,newyork,verified the inputs
9/16/2019,9/17/2019,save automationTitle1,save Automation description1,2170,newyork,verified the inputs
9/16/2019,9/17/2019,save automationTitle1,save Automation description1,2170,newyork,verified the inputs
9/16/2019,9/17/2019,save automationTitle1,save Automation description1,2170,newyork,verified the inputs
9/16/2019,9/17/2019,save automationTitle1,save Automation description1,2170,newyork,verified the inputs
9/16/2019,9/17/2019,save automationTitle1,save Automation description1,2170,newyork,verified the inputs
9/16/2019,9/17/2019,save automationTitle1,save Automation description1,2170,newyork,verified the inputs
9/16/2019,9/17/2019,save automationTitle1,save Automation description1,2170,newyork,verified the inputs
9/16/2019,9/17/2019,save automationTitle1,save Automation description1,2170,newyork,verified the inputs
9/16/2019,9/17/2019,save automationTitle1,save Automation description1,2170,newyork,verified the inputs
9/16/2019,9/17/2019,save automationTitle1,save Automation description1,2170,newyork,verified the inputs